"都道府県コード","都道府県名","市区町村コード","市区町村名","大字町丁目コード","大字町丁目名","緯度","経度","原典資料コード","大字・字・丁目区分コード"
"37","香川県","37201","高松市","372010001000","茜町","34.349399","134.025012","0","0"
"37","香川県","37201","高松市","372010002000","朝日新町","34.360405","134.066582","0","0"
"37","香川県","37201","高松市","372010003001","朝日町一丁目","34.350267","134.062414","0","3"
"37","香川県","37201","高松市","372010003002","朝日町二丁目","34.349477","134.064922","0","3"
"37","香川県","37201","高松市","372010003003","朝日町三丁目","34.349805","134.067601","0","3"
"37","香川県","37201","高松市","372010003004","朝日町四丁目","34.354401","134.066127","0","3"
"37","香川県","37201","高松市","372010003005","朝日町五丁目","34.351285","134.074162","0","3"
"37","香川県","37201","高松市","372010003006","朝日町六丁目","34.358884","134.077194","0","3"
"37","香川県","37201","高松市","372010004000","庵治町","34.377396","134.142566","0","0"
"37","香川県","37201","高松市","372010005000","飯田町","34.320394","134.005862","0","0"
"37","香川県","37201","高松市","372010006000","生島町","34.356015","133.960289","0","0"
"37","香川県","37201","高松市","372010007000","井口町","34.345162","134.057246","0","0"
"37","香川県","37201","高松市","372010008000","池田町","34.259653","134.084422","0","0"
"37","香川県","37201","高松市","372010009000","一宮町","34.287230","134.024968","0","0"
"37","香川県","37201","高松市","372010010000","今里町","34.322277","134.057261","0","0"
"37","香川県","37201","高松市","372010011001","今里町一丁目","34.327033","134.056856","0","3"
"37","香川県","37201","高松市","372010011002","今里町二丁目","34.325434","134.062974","0","3"
"37","香川県","37201","高松市","372010012000","今新町","34.343959","134.052817","0","0"
"37","香川県","37201","高松市","372010013000","植松町","34.348307","133.982352","0","0"
"37","香川県","37201","高松市","372010014000","内町","34.346459","134.051845","0","0"
"37","香川県","37201","高松市","372010015000","円座町","34.286494","134.010571","0","0"
"37","香川県","37201","高松市","372010016001","扇町一丁目","34.346772","134.036606","0","3"
"37","香川県","37201","高松市","372010016002","扇町二丁目","34.344658","134.035630","0","3"
"37","香川県","37201","高松市","372010016003","扇町三丁目","34.346005","134.031248","0","3"
"37","香川県","37201","高松市","372010017000","太田上町","34.296854","134.042719","0","0"
"37","香川県","37201","高松市","372010018000","太田下町","34.305850","134.046424","0","0"
"37","香川県","37201","高松市","372010019000","岡本町","34.268135","133.996189","0","0"
"37","香川県","37201","高松市","372010020000","男木町","34.425056","134.059965","0","0"
"37","香川県","37201","高松市","372010021000","小村町","34.287719","134.100161","0","0"
"37","香川県","37201","高松市","372010022000","香川町浅野","34.258624","134.042839","0","0"
"37","香川県","37201","高松市","372010023000","香川町大野","34.266298","134.024727","0","0"
"37","香川県","37201","高松市","372010024000","香川町川内原","34.229730","134.048674","0","0"
"37","香川県","37201","高松市","372010025000","香川町川東上","34.227941","134.036577","0","0"
"37","香川県","37201","高松市","372010026000","香川町川東下","34.245380","134.030668","0","0"
"37","香川県","37201","高松市","372010027000","香川町寺井","34.272393","134.030652","0","0"
"37","香川県","37201","高松市","372010028000","香川町東谷","34.209547","134.064409","0","0"
"37","香川県","37201","高松市","372010029000","香川町安原下第一号","34.207418","134.045206","0","0"
"37","香川県","37201","高松市","372010030000","香川町安原下第三号","34.205019","134.022993","0","0"
"37","香川県","37201","高松市","372010031000","鍛冶屋町","34.342877","134.048731","0","0"
"37","香川県","37201","高松市","372010032000","春日町","34.328642","134.091682","0","0"
"37","香川県","37201","高松市","372010033000","片原町","34.345705","134.052704","0","0"
"37","香川県","37201","高松市","372010034000","鹿角町","34.300147","134.032095","0","0"
"37","香川県","37201","高松市","372010035000","上天神町","34.311381","134.038798","0","0"
"37","香川県","37201","高松市","372010036001","上之町一丁目","34.321034","134.044948","0","3"
"37","香川県","37201","高松市","372010036002","上之町二丁目","34.320738","134.048071","0","3"
"37","香川県","37201","高松市","372010036003","上之町三丁目","34.321986","134.050879","0","3"
"37","香川県","37201","高松市","372010037000","上林町","34.288270","134.069320","0","0"
"37","香川県","37201","高松市","372010038000","上福岡町","34.330414","134.064061","0","0"
"37","香川県","37201","高松市","372010039000","紙町","34.317330","134.035412","0","0"
"37","香川県","37201","高松市","372010040000","亀井町","34.340121","134.048226","0","0"
"37","香川県","37201","高松市","372010041000","亀岡町","34.336972","134.041226","0","0"
"37","香川県","37201","高松市","372010042000","亀田町","34.285210","134.114212","0","0"
"37","香川県","37201","高松市","372010043000","亀田南町","34.279214","134.112200","0","0"
"37","香川県","37201","高松市","372010044000","川島東町","34.266706","134.092133","0","0"
"37","香川県","37201","高松市","372010045000","川島本町","34.275795","134.082351","0","0"
"37","香川県","37201","高松市","372010046000","川部町","34.264741","134.009711","0","0"
"37","香川県","37201","高松市","372010047001","瓦町一丁目","34.341273","134.051529","0","3"
"37","香川県","37201","高松市","372010047002","瓦町二丁目","34.340026","134.051278","0","3"
"37","香川県","37201","高松市","372010048000","観光町","34.334560","134.062778","0","0"
"37","香川県","37201","高松市","372010049001","観光通一丁目","34.336137","134.051587","0","3"
"37","香川県","37201","高松市","372010049002","観光通二丁目","34.336280","134.055338","0","3"
"37","香川県","37201","高松市","372010050000","木太町","34.328092","134.077186","0","0"
"37","香川県","37201","高松市","372010051000","北浜町","34.350532","134.055493","0","0"
"37","香川県","37201","高松市","372010052000","鬼無町鬼無","34.317627","133.986369","0","0"
"37","香川県","37201","高松市","372010053000","鬼無町是竹","34.339326","133.988687","0","0"
"37","香川県","37201","高松市","372010054000","鬼無町佐藤","34.331004","133.977404","0","0"
"37","香川県","37201","高松市","372010055000","鬼無町佐料","34.334873","133.988820","0","0"
"37","香川県","37201","高松市","372010056000","鬼無町藤井","34.328872","133.998162","0","0"
"37","香川県","37201","高松市","372010057000","鬼無町山口","34.323513","133.982995","0","0"
"37","香川県","37201","高松市","372010058001","楠上町一丁目","34.331011","134.056965","0","3"
"37","香川県","37201","高松市","372010058002","楠上町二丁目","34.329152","134.055858","0","3"
"37","香川県","37201","高松市","372010059000","香西北町","34.353235","133.993468","0","0"
"37","香川県","37201","高松市","372010060000","香西西町","34.347224","133.990331","0","0"
"37","香川県","37201","高松市","372010061000","香西東町","34.340931","134.006634","0","0"
"37","香川県","37201","高松市","372010062000","香西本町","34.351236","134.004286","0","0"
"37","香川県","37201","高松市","372010063000","香西南町","34.339585","134.000752","0","0"
"37","香川県","37201","高松市","372010064000","郷東町","34.347265","134.014987","0","0"
"37","香川県","37201","高松市","372010065000","香南町池内","34.250004","134.001524","0","0"
"37","香川県","37201","高松市","372010066000","香南町岡","34.224219","134.026039","0","0"
"37","香川県","37201","高松市","372010067000","香南町西庄","34.235880","133.996549","0","0"
"37","香川県","37201","高松市","372010068000","香南町由佐","34.230208","134.008973","0","0"
"37","香川県","37201","高松市","372010069000","香南町横井","34.244049","134.009908","0","0"
"37","香川県","37201","高松市","372010070000","香南町吉光","34.252301","134.014518","0","0"
"37","香川県","37201","高松市","372010071000","国分寺町柏原","34.287556","133.948241","0","0"
"37","香川県","37201","高松市","372010072000","国分寺町国分","34.309606","133.941771","0","0"
"37","香川県","37201","高松市","372010073000","国分寺町新名","34.283168","133.956955","0","0"
"37","香川県","37201","高松市","372010074000","国分寺町新居","34.315284","133.966505","0","0"
"37","香川県","37201","高松市","372010075000","国分寺町福家","34.279135","133.971945","0","0"
"37","香川県","37201","高松市","372010076001","寿町一丁目","34.350333","134.048829","0","3"
"37","香川県","37201","高松市","372010076002","寿町二丁目","34.347563","134.048345","0","3"
"37","香川県","37201","高松市","372010077000","御坊町","34.343278","134.052905","0","0"
"37","香川県","37201","高松市","372010078000","紺屋町","34.344457","134.048997","0","0"
"37","香川県","37201","高松市","372010079001","西宝町一丁目","34.343089","134.028688","0","3"
"37","香川県","37201","高松市","372010079002","西宝町二丁目","34.337563","134.026065","0","3"
"37","香川県","37201","高松市","372010079003","西宝町三丁目","34.343053","134.025754","0","3"
"37","香川県","37201","高松市","372010080000","幸町","34.341739","134.036821","0","0"
"37","香川県","37201","高松市","372010081001","桜町一丁目","34.330528","134.052783","0","3"
"37","香川県","37201","高松市","372010081002","桜町二丁目","34.326792","134.053024","0","3"
"37","香川県","37201","高松市","372010082000","三条町","34.314391","134.046754","0","0"
"37","香川県","37201","高松市","372010083000","サンポート","34.354436","134.046395","0","0"
"37","香川県","37201","高松市","372010084000","三名町","34.290869","134.035817","0","0"
"37","香川県","37201","高松市","372010085000","紫雲町","34.341127","134.033711","0","0"
"37","香川県","37201","高松市","372010086000","塩上町","34.335824","134.050795","0","0"
"37","香川県","37201","高松市","372010087001","塩上町一丁目","34.338149","134.053552","0","3"
"37","香川県","37201","高松市","372010087002","塩上町二丁目","34.338717","134.055414","0","3"
"37","香川県","37201","高松市","372010087003","塩上町三丁目","34.338985","134.057503","0","3"
"37","香川県","37201","高松市","372010088000","塩江町上西乙","34.156914","134.071230","0","0"
"37","香川県","37201","高松市","372010089000","塩江町上西甲","34.140771","134.067754","0","0"
"37","香川県","37201","高松市","372010090000","塩江町安原上","34.178089","134.075681","0","0"
"37","香川県","37201","高松市","372010091000","塩江町安原上東","34.155301","134.107728","0","0"
"37","香川県","37201","高松市","372010092000","塩江町安原下","34.196733","134.054455","0","0"
"37","香川県","37201","高松市","372010093000","塩江町安原下第一号","34.177491","134.055880","0","0"
"37","香川県","37201","高松市","372010094000","塩江町安原下第二号","34.172200","134.038100","0","0"
"37","香川県","37201","高松市","372010095000","塩江町安原下第三号","34.192666","134.031132","0","0"
"37","香川県","37201","高松市","372010096000","塩屋町","34.342099","134.055055","0","0"
"37","香川県","37201","高松市","372010097000","下田井町","34.293848","134.093425","0","0"
"37","香川県","37201","高松市","372010098000","出作町","34.286683","134.047892","0","0"
"37","香川県","37201","高松市","372010099001","城東町一丁目","34.346732","134.057179","0","3"
"37","香川県","37201","高松市","372010099002","城東町二丁目","34.349346","134.058534","0","3"
"37","香川県","37201","高松市","372010100001","昭和町一丁目","34.343046","134.033545","0","3"
"37","香川県","37201","高松市","372010100002","昭和町二丁目","34.342926","134.031164","0","3"
"37","香川県","37201","高松市","372010101000","新北町","34.352902","134.025496","0","0"
"37","香川県","37201","高松市","372010102000","神在川窪町","34.363945","133.976780","0","0"
"37","香川県","37201","高松市","372010103000","新田町","34.322617","134.104890","0","0"
"37","香川県","37201","高松市","372010104000","末広町","34.344074","134.057127","0","0"
"37","香川県","37201","高松市","372010105000","菅沢町","34.194275","134.100356","0","0"
"37","香川県","37201","高松市","372010106000","瀬戸内町","34.349784","134.031924","0","0"
"37","香川県","37201","高松市","372010107000","十川西町","34.269191","134.104323","0","0"
"37","香川県","37201","高松市","372010108000","十川東町","34.259689","134.107396","0","0"
"37","香川県","37201","高松市","372010109000","大工町","34.344530","134.052758","0","0"
"37","香川県","37201","高松市","372010110001","多賀町一丁目","34.336553","134.057722","0","3"
"37","香川県","37201","高松市","372010110002","多賀町二丁目","34.336518","134.059974","0","3"
"37","香川県","37201","高松市","372010110003","多賀町三丁目","34.336363","134.063427","0","3"
"37","香川県","37201","高松市","372010111000","高松町","34.330052","134.117350","0","0"
"37","香川県","37201","高松市","372010112000","多肥上町","34.282889","134.055748","0","0"
"37","香川県","37201","高松市","372010113000","多肥下町","34.301493","134.057677","0","0"
"37","香川県","37201","高松市","372010114000","田町","34.337029","134.048834","0","0"
"37","香川県","37201","高松市","372010115000","玉藻町","34.350629","134.051646","0","0"
"37","香川県","37201","高松市","372010116000","田村町","34.309300","134.030103","0","0"
"37","香川県","37201","高松市","372010117000","亀水町","34.364798","133.946503","0","0"
"37","香川県","37201","高松市","372010118000","檀紙町","34.303818","134.000328","0","0"
"37","香川県","37201","高松市","372010119000","中央町","34.336475","134.045089","0","0"
"37","香川県","37201","高松市","372010120000","勅使町","34.308723","134.016838","0","0"
"37","香川県","37201","高松市","372010121000","築地町","34.342014","134.057011","0","0"
"37","香川県","37201","高松市","372010122000","鶴市町","34.333305","134.013839","0","0"
"37","香川県","37201","高松市","372010123000","鶴屋町","34.346851","134.055080","0","0"
"37","香川県","37201","高松市","372010124000","寺井町","34.277766","134.025964","0","0"
"37","香川県","37201","高松市","372010125000","天神前","34.338981","134.045800","0","0"
"37","香川県","37201","高松市","372010126000","通町","34.345225","134.055546","0","0"
"37","香川県","37201","高松市","372010127000","磨屋町","34.345263","134.047545","0","0"
"37","香川県","37201","高松市","372010128001","常磐町一丁目","34.338695","134.051157","0","3"
"37","香川県","37201","高松市","372010128002","常磐町二丁目","34.337472","134.051400","0","3"
"37","香川県","37201","高松市","372010129000","中新町","34.337062","134.047677","0","0"
"37","香川県","37201","高松市","372010130000","中間町","34.290186","133.988412","0","0"
"37","香川県","37201","高松市","372010131000","中野町","34.334033","134.044067","0","0"
"37","香川県","37201","高松市","372010132000","中山町","34.345247","133.966343","0","0"
"37","香川県","37201","高松市","372010133000","成合町","34.297630","134.016597","0","0"
"37","香川県","37201","高松市","372010134000","西植田町","34.227014","134.073677","0","0"
"37","香川県","37201","高松市","372010135000","西内町","34.347731","134.047015","0","0"
"37","香川県","37201","高松市","372010136000","西春日町","34.318846","134.021476","0","0"
"37","香川県","37201","高松市","372010137001","錦町一丁目","34.347423","134.044703","0","3"
"37","香川県","37201","高松市","372010137002","錦町二丁目","34.347187","134.041473","0","3"
"37","香川県","37201","高松市","372010138000","西の丸町","34.349864","134.047979","0","0"
"37","香川県","37201","高松市","372010139000","西ハゼ町","34.319842","134.034554","0","0"
"37","香川県","37201","高松市","372010140000","西町","34.346410","134.024164","0","0"
"37","香川県","37201","高松市","372010141000","西山崎町","34.280344","133.993058","0","0"
"37","香川県","37201","高松市","372010142000","旅篭町","34.335562","134.047491","0","0"
"37","香川県","37201","高松市","372010143001","花園町一丁目","34.334460","134.058149","0","3"
"37","香川県","37201","高松市","372010143002","花園町二丁目","34.333616","134.056963","0","3"
"37","香川県","37201","高松市","372010143003","花園町三丁目","34.332823","134.056468","0","3"
"37","香川県","37201","高松市","372010144001","花ノ宮町一丁目","34.326522","134.048305","0","3"
"37","香川県","37201","高松市","372010144002","花ノ宮町二丁目","34.324006","134.048481","0","3"
"37","香川県","37201","高松市","372010144003","花ノ宮町三丁目","34.324467","134.045959","0","3"
"37","香川県","37201","高松市","372010145000","浜ノ町","34.351246","134.041194","0","0"
"37","香川県","37201","高松市","372010146000","林町","34.300767","134.070145","0","0"
"37","香川県","37201","高松市","372010147001","番町一丁目","34.342530","134.046355","0","3"
"37","香川県","37201","高松市","372010147002","番町二丁目","34.344084","134.042080","0","3"
"37","香川県","37201","高松市","372010147003","番町三丁目","34.342372","134.041625","0","3"
"37","香川県","37201","高松市","372010147004","番町四丁目","34.340772","134.041279","0","3"
"37","香川県","37201","高松市","372010147005","番町五丁目","34.339225","134.041162","0","3"
"37","香川県","37201","高松市","372010148000","東植田町","34.229223","134.101842","0","0"
"37","香川県","37201","高松市","372010149000","東田町","34.335862","134.049724","0","0"
"37","香川県","37201","高松市","372010150000","東ハゼ町","34.320430","134.040951","0","0"
"37","香川県","37201","高松市","372010151001","東浜町一丁目","34.345699","134.057067","0","3"
"37","香川県","37201","高松市","372010152000","東山崎町","34.308419","134.097119","0","0"
"37","香川県","37201","高松市","372010153000","百間町","34.345114","134.052815","0","0"
"37","香川県","37201","高松市","372010154000","兵庫町","34.346398","134.047843","0","0"
"37","香川県","37201","高松市","372010155001","福岡町一丁目","34.346039","134.060949","0","3"
"37","香川県","37201","高松市","372010155002","福岡町二丁目","34.345311","134.065884","0","3"
"37","香川県","37201","高松市","372010155003","福岡町三丁目","34.344548","134.071942","0","3"
"37","香川県","37201","高松市","372010155004","福岡町四丁目","34.341297","134.071282","0","3"
"37","香川県","37201","高松市","372010156000","福田町","34.341553","134.053888","0","0"
"37","香川県","37201","高松市","372010157000","藤塚町","34.335087","134.050171","0","0"
"37","香川県","37201","高松市","372010158001","藤塚町一丁目","34.333990","134.047983","0","3"
"37","香川県","37201","高松市","372010158002","藤塚町二丁目","34.334085","134.050556","0","3"
"37","香川県","37201","高松市","372010158003","藤塚町三丁目","34.334111","134.052982","0","3"
"37","香川県","37201","高松市","372010159000","伏石町","34.314311","134.053052","0","0"
"37","香川県","37201","高松市","372010160000","仏生山町","34.276763","134.041531","0","0"
"37","香川県","37201","高松市","372010161000","古新町","34.345740","134.048171","0","0"
"37","香川県","37201","高松市","372010162000","古馬場町","34.342523","134.051876","0","0"
"37","香川県","37201","高松市","372010163000","本町","34.348420","134.054893","0","0"
"37","香川県","37201","高松市","372010164000","前田西町","34.305140","134.113579","0","0"
"37","香川県","37201","高松市","372010165000","前田東町","34.297152","134.116877","0","0"
"37","香川県","37201","高松市","372010166000","松島町","34.333352","134.068481","0","0"
"37","香川県","37201","高松市","372010167001","松島町一丁目","34.339789","134.060191","0","3"
"37","香川県","37201","高松市","372010167002","松島町二丁目","34.338752","134.064950","0","3"
"37","香川県","37201","高松市","372010167003","松島町三丁目","34.337316","134.069335","0","3"
"37","香川県","37201","高松市","372010168000","松並町","34.317162","134.026757","0","0"
"37","香川県","37201","高松市","372010169000","松縄町","34.317937","134.061343","0","0"
"37","香川県","37201","高松市","372010170001","松福町一丁目","34.342969","134.060649","0","3"
"37","香川県","37201","高松市","372010170002","松福町二丁目","34.341774","134.064927","0","3"
"37","香川県","37201","高松市","372010171000","丸亀町","34.343900","134.050082","0","0"
"37","香川県","37201","高松市","372010172000","丸の内","34.347519","134.051506","0","0"
"37","香川県","37201","高松市","372010173000","三谷町","34.265607","134.065099","0","0"
"37","香川県","37201","高松市","372010174000","南新町","34.340336","134.049322","0","0"
"37","香川県","37201","高松市","372010175000","峰山町","34.330545","134.026594","0","0"
"37","香川県","37201","高松市","372010176000","御厩町","34.304954","133.987004","0","0"
"37","香川県","37201","高松市","372010177001","宮脇町一丁目","34.338268","134.036810","0","3"
"37","香川県","37201","高松市","372010177002","宮脇町二丁目","34.332691","134.036015","0","3"
"37","香川県","37201","高松市","372010178000","牟礼町大町","34.334814","134.145330","0","0"
"37","香川県","37201","高松市","372010179000","牟礼町原","34.322474","134.153264","0","0"
"37","香川県","37201","高松市","372010180000","牟礼町牟礼","34.349123","134.132750","0","0"
"37","香川県","37201","高松市","372010181000","室新町","34.326607","134.037030","0","0"
"37","香川県","37201","高松市","372010182000","室町","34.325531","134.042346","0","0"
"37","香川県","37201","高松市","372010183000","女木町","34.394396","134.049511","0","0"
"37","香川県","37201","高松市","372010184000","元山町","34.312833","134.086680","0","0"
"37","香川県","37201","高松市","372010185000","八坂町","34.339835","134.053710","0","0"
"37","香川県","37201","高松市","372010186000","屋島中町","34.346704","134.105425","0","0"
"37","香川県","37201","高松市","372010187000","屋島西町","34.361236","134.097067","0","0"
"37","香川県","37201","高松市","372010188000","屋島東町","34.361222","134.109149","0","0"
"37","香川県","37201","高松市","372010189000","由良町","34.285103","134.085009","0","0"
"37","香川県","37201","高松市","372010190001","栗林町一丁目","34.329321","134.044826","0","3"
"37","香川県","37201","高松市","372010190002","栗林町二丁目","34.330769","134.049353","0","3"
"37","香川県","37201","高松市","372010190003","栗林町三丁目","34.328400","134.049051","0","3"
"37","香川県","37201","高松市","372010191000","六条町","34.298773","134.085483","0","0"
"37","香川県","37202","丸亀市","372020001000","綾歌町岡田上","34.215648","133.870164","0","0"
"37","香川県","37202","丸亀市","372020002000","綾歌町岡田下","34.221935","133.861406","0","0"
"37","香川県","37202","丸亀市","372020003000","綾歌町岡田西","34.227405","133.845842","0","0"
"37","香川県","37202","丸亀市","372020004000","綾歌町岡田東","34.227104","133.866014","0","0"
"37","香川県","37202","丸亀市","372020005000","綾歌町栗熊西","34.223607","133.879431","0","0"
"37","香川県","37202","丸亀市","372020006000","綾歌町栗熊東","34.226223","133.891271","0","0"
"37","香川県","37202","丸亀市","372020007000","綾歌町富熊","34.255952","133.882144","0","0"
"37","香川県","37202","丸亀市","372020008000","飯野町西分","34.282099","133.829470","0","0"
"37","香川県","37202","丸亀市","372020009000","飯野町東二","34.272726","133.831347","0","0"
"37","香川県","37202","丸亀市","372020010000","飯野町東分","34.284383","133.835351","0","0"
"37","香川県","37202","丸亀市","372020011000","一番丁","34.286329","133.800172","0","0"
"37","香川県","37202","丸亀市","372020012000","今津町","34.279268","133.783005","0","0"
"37","香川県","37202","丸亀市","372020013000","魚屋町","34.293018","133.797049","0","0"
"37","香川県","37202","丸亀市","372020014000","牛島","34.361165","133.780843","0","0"
"37","香川県","37202","丸亀市","372020015001","大手町一丁目","34.290044","133.801083","0","3"
"37","香川県","37202","丸亀市","372020015002","大手町二丁目","34.289119","133.798644","0","3"
"37","香川県","37202","丸亀市","372020015003","大手町三丁目","34.288124","133.796147","0","3"
"37","香川県","37202","丸亀市","372020016000","金倉町","34.266075","133.781076","0","0"
"37","香川県","37202","丸亀市","372020017000","上真島","34.316599","133.792260","0","0"
"37","香川県","37202","丸亀市","372020018000","葭町","34.292558","133.797975","0","0"
"37","香川県","37202","丸亀市","372020019000","川西町北","34.263033","133.824524","0","0"
"37","香川県","37202","丸亀市","372020020000","川西町南","34.249041","133.832047","0","0"
"37","香川県","37202","丸亀市","372020021000","瓦町","34.294341","133.799852","0","0"
"37","香川県","37202","丸亀市","372020022001","北平山町一丁目","34.295510","133.798613","0","3"
"37","香川県","37202","丸亀市","372020022002","北平山町二丁目","34.296692","133.797345","0","3"
"37","香川県","37202","丸亀市","372020023000","柞原町","34.269791","133.806976","0","0"
"37","香川県","37202","丸亀市","372020024000","九番丁","34.283342","133.802773","0","0"
"37","香川県","37202","丸亀市","372020025000","郡家町","34.254549","133.814561","0","0"
"37","香川県","37202","丸亀市","372020026001","御供所町一丁目","34.295780","133.801364","0","3"
"37","香川県","37202","丸亀市","372020026002","御供所町二丁目","34.296951","133.801395","0","3"
"37","香川県","37202","丸亀市","372020027000","米屋町","34.291591","133.797563","0","0"
"37","香川県","37202","丸亀市","372020028001","幸町一丁目","34.287603","133.790203","0","3"
"37","香川県","37202","丸亀市","372020028002","幸町二丁目","34.286332","133.788148","0","3"
"37","香川県","37202","丸亀市","372020029000","三条町","34.249429","133.806009","0","0"
"37","香川県","37202","丸亀市","372020030001","塩屋町一丁目","34.289907","133.786207","0","3"
"37","香川県","37202","丸亀市","372020030002","塩屋町二丁目","34.288543","133.783539","0","3"
"37","香川県","37202","丸亀市","372020030003","塩屋町三丁目","34.286502","133.778753","0","3"
"37","香川県","37202","丸亀市","372020030004","塩屋町四丁目","34.289048","133.778811","0","3"
"37","香川県","37202","丸亀市","372020030005","塩屋町五丁目","34.290285","133.781630","0","3"
"37","香川県","37202","丸亀市","372020031000","七番丁","34.283924","133.800979","0","0"
"37","香川県","37202","丸亀市","372020032000","十番丁","34.281997","133.800193","0","0"
"37","香川県","37202","丸亀市","372020033001","城西町一丁目","34.281913","133.797196","0","3"
"37","香川県","37202","丸亀市","372020033002","城西町二丁目","34.285099","133.795459","0","3"
"37","香川県","37202","丸亀市","372020034001","城東町一丁目","34.286823","133.806685","0","3"
"37","香川県","37202","丸亀市","372020034002","城東町二丁目","34.286391","133.804248","0","3"
"37","香川県","37202","丸亀市","372020034003","城東町三丁目","34.288643","133.806146","0","3"
"37","香川県","37202","丸亀市","372020035000","城南町","34.281386","133.802589","0","0"
"37","香川県","37202","丸亀市","372020036000","昭和町","34.294311","133.769940","0","0"
"37","香川県","37202","丸亀市","372020037000","塩飽町","34.289973","133.794230","0","0"
"37","香川県","37202","丸亀市","372020038000","新田町","34.269349","133.788096","0","0"
"37","香川県","37202","丸亀市","372020039001","新浜町一丁目","34.292270","133.788138","0","3"
"37","香川県","37202","丸亀市","372020039002","新浜町二丁目","34.292264","133.784123","0","3"
"37","香川県","37202","丸亀市","372020040000","新町","34.291892","133.791429","0","0"
"37","香川県","37202","丸亀市","372020041000","宗古町","34.292820","133.796309","0","0"
"37","香川県","37202","丸亀市","372020042000","田村町","34.267330","133.795546","0","0"
"37","香川県","37202","丸亀市","372020043000","垂水町","34.232528","133.827712","0","0"
"37","香川県","37202","丸亀市","372020044000","津森町","34.279925","133.790632","0","0"
"37","香川県","37202","丸亀市","372020045000","手島町","34.397011","133.669609","0","0"
"37","香川県","37202","丸亀市","372020046001","天満町一丁目","34.282970","133.778795","0","3"
"37","香川県","37202","丸亀市","372020046002","天満町二丁目","34.285041","133.778984","0","3"
"37","香川県","37202","丸亀市","372020047001","土居町一丁目","34.289728","133.809381","0","3"
"37","香川県","37202","丸亀市","372020047002","土居町二丁目","34.291206","133.804230","0","3"
"37","香川県","37202","丸亀市","372020047003","土居町三丁目","34.294104","133.802861","0","3"
"37","香川県","37202","丸亀市","372020048000","通町","34.291633","133.795819","0","0"
"37","香川県","37202","丸亀市","372020049001","土器町北一丁目","34.306330","133.805020","0","3"
"37","香川県","37202","丸亀市","372020049002","土器町北二丁目","34.304461","133.802494","0","3"
"37","香川県","37202","丸亀市","372020050001","土器町西一丁目","34.276071","133.820492","0","3"
"37","香川県","37202","丸亀市","372020050002","土器町西二丁目","34.274338","133.812283","0","3"
"37","香川県","37202","丸亀市","372020050003","土器町西三丁目","34.278247","133.809578","0","3"
"37","香川県","37202","丸亀市","372020050004","土器町西四丁目","34.281547","133.815891","0","3"
"37","香川県","37202","丸亀市","372020050005","土器町西五丁目","34.284865","133.812408","0","3"
"37","香川県","37202","丸亀市","372020050006","土器町西六丁目","34.283846","133.810130","0","3"
"37","香川県","37202","丸亀市","372020050007","土器町西七丁目","34.283904","133.807868","0","3"
"37","香川県","37202","丸亀市","372020050008","土器町西八丁目","34.282374","133.805809","0","3"
"37","香川県","37202","丸亀市","372020051001","土器町東一丁目","34.287779","133.819702","0","3"
"37","香川県","37202","丸亀市","372020051002","土器町東二丁目","34.285271","133.816234","0","3"
"37","香川県","37202","丸亀市","372020051003","土器町東三丁目","34.290610","133.813683","0","3"
"37","香川県","37202","丸亀市","372020051004","土器町東四丁目","34.293005","133.818648","0","3"
"37","香川県","37202","丸亀市","372020051005","土器町東五丁目","34.299299","133.818316","0","3"
"37","香川県","37202","丸亀市","372020051006","土器町東六丁目","34.299706","133.813097","0","3"
"37","香川県","37202","丸亀市","372020051007","土器町東七丁目","34.293782","133.809518","0","3"
"37","香川県","37202","丸亀市","372020051008","土器町東八丁目","34.297565","133.807239","0","3"
"37","香川県","37202","丸亀市","372020051009","土器町東九丁目","34.301249","133.808327","0","3"
"37","香川県","37202","丸亀市","372020052000","富屋町","34.290322","133.795139","0","0"
"37","香川県","37202","丸亀市","372020053000","中津町","34.280567","133.772369","0","0"
"37","香川県","37202","丸亀市","372020054001","中府町一丁目","34.278134","133.797345","0","3"
"37","香川県","37202","丸亀市","372020054002","中府町二丁目","34.279795","133.795327","0","3"
"37","香川県","37202","丸亀市","372020054003","中府町三丁目","34.282799","133.794877","0","3"
"37","香川県","37202","丸亀市","372020054004","中府町四丁目","34.284677","133.791871","0","3"
"37","香川県","37202","丸亀市","372020054005","中府町五丁目","34.286088","133.792897","0","3"
"37","香川県","37202","丸亀市","372020055000","南条町","34.288818","133.793182","0","0"
"37","香川県","37202","丸亀市","372020056000","西平山町","34.294878","133.795395","0","0"
"37","香川県","37202","丸亀市","372020057001","西本町一丁目","34.289608","133.790604","0","3"
"37","香川県","37202","丸亀市","372020057002","西本町二丁目","34.288688","133.788994","0","3"
"37","香川県","37202","丸亀市","372020058000","八番丁","34.283091","133.800479","0","0"
"37","香川県","37202","丸亀市","372020059000","浜町","34.291382","133.792170","0","0"
"37","香川県","37202","丸亀市","372020060000","原田団地","34.261164","133.792899","0","0"
"37","香川県","37202","丸亀市","372020061000","原田町","34.258954","133.787780","0","0"
"37","香川県","37202","丸亀市","372020062000","飯山町上法軍寺","34.241843","133.863200","0","0"
"37","香川県","37202","丸亀市","372020063000","飯山町川原","34.262758","133.863440","0","0"
"37","香川県","37202","丸亀市","372020064000","飯山町真時","34.258358","133.847340","0","0"
"37","香川県","37202","丸亀市","372020065000","飯山町下法軍寺","34.247161","133.850213","0","0"
"37","香川県","37202","丸亀市","372020066000","飯山町西坂元","34.261634","133.837769","0","0"
"37","香川県","37202","丸亀市","372020067000","飯山町東小川","34.245441","133.843386","0","0"
"37","香川県","37202","丸亀市","372020068000","飯山町東坂元","34.274105","133.870050","0","0"
"37","香川県","37202","丸亀市","372020069000","広島町青木","34.366435","133.693251","0","0"
"37","香川県","37202","丸亀市","372020070000","広島町市井","34.377036","133.696743","0","0"
"37","香川県","37202","丸亀市","372020071000","広島町江の浦","34.369966","133.708256","0","0"
"37","香川県","37202","丸亀市","372020072000","広島町小手島","34.378240","133.646944","0","0"
"37","香川県","37202","丸亀市","372020073000","広島町釜の越","34.357695","133.704218","0","0"
"37","香川県","37202","丸亀市","372020074000","広島町甲路","34.358378","133.694135","0","0"
"37","香川県","37202","丸亀市","372020075000","広島町立石","34.375814","133.722796","0","0"
"37","香川県","37202","丸亀市","372020076000","広島町茂浦","34.386942","133.715245","0","0"
"37","香川県","37202","丸亀市","372020077000","福島町","34.293931","133.791827","0","0"
"37","香川県","37202","丸亀市","372020078001","富士見町一丁目","34.298923","133.802086","0","3"
"37","香川県","37202","丸亀市","372020078002","富士見町二丁目","34.299800","133.798869","0","3"
"37","香川県","37202","丸亀市","372020078003","富士見町三丁目","34.304281","133.797414","0","3"
"37","香川県","37202","丸亀市","372020078004","富士見町四丁目","34.304262","133.795559","0","3"
"37","香川県","37202","丸亀市","372020078005","富士見町五丁目","34.308004","133.793254","0","3"
"37","香川県","37202","丸亀市","372020079000","風袋町","34.292642","133.799916","0","0"
"37","香川県","37202","丸亀市","372020080000","蓬莱町","34.302718","133.782693","0","0"
"37","香川県","37202","丸亀市","372020081000","本島町生ノ浜","34.377461","133.762657","0","0"
"37","香川県","37202","丸亀市","372020082000","本島町大浦","34.386892","133.767137","0","0"
"37","香川県","37202","丸亀市","372020083000","本島町笠島","34.395896","133.779176","0","0"
"37","香川県","37202","丸亀市","372020084000","本島町甲生","34.388406","133.790186","0","0"
"37","香川県","37202","丸亀市","372020085000","本島町小阪","34.377535","133.768949","0","0"
"37","香川県","37202","丸亀市","372020086000","本島町尻浜","34.386057","133.758478","0","0"
"37","香川県","37202","丸亀市","372020087000","本島町泊","34.385257","133.779153","0","0"
"37","香川県","37202","丸亀市","372020088000","本島町福田","34.393485","133.756219","0","0"
"37","香川県","37202","丸亀市","372020089000","本町","34.290804","133.792737","0","0"
"37","香川県","37202","丸亀市","372020090001","前塩屋町一丁目","34.287169","133.784614","0","3"
"37","香川県","37202","丸亀市","372020090002","前塩屋町二丁目","34.285542","133.782213","0","3"
"37","香川県","37202","丸亀市","372020091000","松屋町","34.291979","133.796339","0","0"
"37","香川県","37202","丸亀市","372020092000","港町","34.298285","133.795124","0","0"
"37","香川県","37202","丸亀市","372020093000","山北町","34.273550","133.799814","0","0"
"37","香川県","37202","丸亀市","372020094000","六番丁","34.284999","133.796805","0","0"
"37","香川県","37203","坂出市","372030001000","青葉町","34.307609","133.852520","0","0"
"37","香川県","37203","坂出市","372030002001","旭町一丁目","34.314654","133.864844","0","3"
"37","香川県","37203","坂出市","372030002002","旭町二丁目","34.316115","133.864854","0","3"
"37","香川県","37203","坂出市","372030002003","旭町三丁目","34.317848","133.864507","0","3"
"37","香川県","37203","坂出市","372030003000","池園町","34.303682","133.853507","0","0"
"37","香川県","37203","坂出市","372030004001","入船町一丁目","34.323323","133.853448","0","3"
"37","香川県","37203","坂出市","372030004002","入船町二丁目","34.324396","133.857860","0","3"
"37","香川県","37203","坂出市","372030005000","岩黒","34.406456","133.809707","0","0"
"37","香川県","37203","坂出市","372030006000","江尻町","34.320312","133.875460","0","0"
"37","香川県","37203","坂出市","372030007000","王越町木沢","34.368667","133.923825","0","0"
"37","香川県","37203","坂出市","372030008000","王越町乃生","34.369743","133.902727","0","0"
"37","香川県","37203","坂出市","372030009000","青海町","34.338647","133.931580","0","0"
"37","香川県","37203","坂出市","372030010000","大池町","34.299011","133.856368","0","0"
"37","香川県","37203","坂出市","372030011000","大屋冨町","34.358989","133.899400","0","0"
"37","香川県","37203","坂出市","372030012000","沖の浜","34.325317","133.840507","0","0"
"37","香川県","37203","坂出市","372030013000","笠指町","34.307569","133.856954","0","0"
"37","香川県","37203","坂出市","372030014000","加茂町","34.309861","133.916734","0","0"
"37","香川県","37203","坂出市","372030015000","川崎町","34.334195","133.831558","0","0"
"37","香川県","37203","坂出市","372030016000","川津町","34.290638","133.862900","0","0"
"37","香川県","37203","坂出市","372030017000","神谷町","34.323783","133.914022","0","0"
"37","香川県","37203","坂出市","372030018001","京町一丁目","34.314257","133.858042","0","3"
"37","香川県","37203","坂出市","372030018002","京町二丁目","34.316053","133.858010","0","3"
"37","香川県","37203","坂出市","372030018003","京町三丁目","34.317639","133.857815","0","3"
"37","香川県","37203","坂出市","372030019001","久米町一丁目","34.320842","133.858616","0","3"
"37","香川県","37203","坂出市","372030019002","久米町二丁目","34.321162","133.864750","0","3"
"37","香川県","37203","坂出市","372030020001","寿町一丁目","34.314086","133.849747","0","3"
"37","香川県","37203","坂出市","372030020002","寿町二丁目","34.315649","133.849454","0","3"
"37","香川県","37203","坂出市","372030020003","寿町三丁目","34.317039","133.849280","0","3"
"37","香川県","37203","坂出市","372030021001","御供所町一丁目","34.318463","133.841006","0","3"
"37","香川県","37203","坂出市","372030021002","御供所町二丁目","34.319896","133.837657","0","3"
"37","香川県","37203","坂出市","372030021003","御供所町三丁目","34.323405","133.835017","0","3"
"37","香川県","37203","坂出市","372030022001","駒止町一丁目","34.312001","133.856793","0","3"
"37","香川県","37203","坂出市","372030022002","駒止町二丁目","34.309968","133.856642","0","3"
"37","香川県","37203","坂出市","372030023000","小山町","34.299140","133.852331","0","0"
"37","香川県","37203","坂出市","372030024000","坂出町","34.319247","133.833166","0","0"
"37","香川県","37203","坂出市","372030025000","沙弥島","34.347679","133.824041","0","0"
"37","香川県","37203","坂出市","372030026001","昭和町一丁目","34.321931","133.868029","0","3"
"37","香川県","37203","坂出市","372030026002","昭和町二丁目","34.327380","133.860373","0","3"
"37","香川県","37203","坂出市","372030027001","白金町一丁目","34.313620","133.847092","0","3"
"37","香川県","37203","坂出市","372030027002","白金町二丁目","34.315280","133.845635","0","3"
"37","香川県","37203","坂出市","372030027003","白金町三丁目","34.316593","133.845830","0","3"
"37","香川県","37203","坂出市","372030028000","新浜町","34.309645","133.844034","0","0"
"37","香川県","37203","坂出市","372030029000","瀬居町","34.354999","133.852715","0","0"
"37","香川県","37203","坂出市","372030030000","高屋町","34.336634","133.908410","0","0"
"37","香川県","37203","坂出市","372030031001","谷町一丁目","34.310766","133.861173","0","3"
"37","香川県","37203","坂出市","372030031002","谷町二丁目","34.310779","133.865307","0","3"
"37","香川県","37203","坂出市","372030031003","谷町三丁目","34.310237","133.867599","0","3"
"37","香川県","37203","坂出市","372030032001","築港町一丁目","34.323614","133.849645","0","3"
"37","香川県","37203","坂出市","372030032002","築港町二丁目","34.327587","133.847869","0","3"
"37","香川県","37203","坂出市","372030033000","中央町","34.319862","133.850169","0","0"
"37","香川県","37203","坂出市","372030034001","常盤町一丁目","34.315805","133.840341","0","3"
"37","香川県","37203","坂出市","372030034002","常盤町二丁目","34.318653","133.835739","0","3"
"37","香川県","37203","坂出市","372030035001","西大浜北一丁目","34.323120","133.846396","0","3"
"37","香川県","37203","坂出市","372030035002","西大浜北二丁目","34.322876","133.843868","0","3"
"37","香川県","37203","坂出市","372030035003","西大浜北三丁目","34.322620","133.841763","0","3"
"37","香川県","37203","坂出市","372030035004","西大浜北四丁目","34.322333","133.839236","0","3"
"37","香川県","37203","坂出市","372030036001","西大浜南一丁目","34.320097","133.846475","0","3"
"37","香川県","37203","坂出市","372030036002","西大浜南二丁目","34.319864","133.843968","0","3"
"37","香川県","37203","坂出市","372030036003","西大浜南三丁目","34.320213","133.840594","0","3"
"37","香川県","37203","坂出市","372030037000","西庄町","34.307986","133.889065","0","0"
"37","香川県","37203","坂出市","372030038001","八幡町一丁目","34.313502","133.844206","0","3"
"37","香川県","37203","坂出市","372030038002","八幡町二丁目","34.313127","133.841664","0","3"
"37","香川県","37203","坂出市","372030038003","八幡町三丁目","34.315433","133.841825","0","3"
"37","香川県","37203","坂出市","372030038004","八幡町四丁目","34.312178","133.839564","0","3"
"37","香川県","37203","坂出市","372030039000","花町","34.303534","133.850417","0","0"
"37","香川県","37203","坂出市","372030040000","林田町","34.334177","133.884369","0","0"
"37","香川県","37203","坂出市","372030041000","番の州公園","34.324547","133.831941","0","0"
"37","香川県","37203","坂出市","372030042000","番の州町","34.345752","133.846577","0","0"
"37","香川県","37203","坂出市","372030043000","番の州緑町","34.354005","133.832792","0","0"
"37","香川県","37203","坂出市","372030044000","櫃石","34.420071","133.804421","0","0"
"37","香川県","37203","坂出市","372030045000","福江町","34.303971","133.867238","0","0"
"37","香川県","37203","坂出市","372030046001","福江町一丁目","34.307316","133.861295","0","3"
"37","香川県","37203","坂出市","372030046002","福江町二丁目","34.303480","133.857101","0","3"
"37","香川県","37203","坂出市","372030046003","福江町三丁目","34.304199","133.862321","0","3"
"37","香川県","37203","坂出市","372030047001","富士見町一丁目","34.310482","133.849265","0","3"
"37","香川県","37203","坂出市","372030047002","富士見町二丁目","34.305611","133.846910","0","3"
"37","香川県","37203","坂出市","372030048000","府中町","34.286276","133.916590","0","0"
"37","香川県","37203","坂出市","372030049001","文京町一丁目","34.311894","133.852775","0","3"
"37","香川県","37203","坂出市","372030049002","文京町二丁目","34.310024","133.852662","0","3"
"37","香川県","37203","坂出市","372030050001","本町一丁目","34.314021","133.852263","0","3"
"37","香川県","37203","坂出市","372030050002","本町二丁目","34.316160","133.851880","0","3"
"37","香川県","37203","坂出市","372030050003","本町三丁目","34.317490","133.851596","0","3"
"37","香川県","37203","坂出市","372030051000","宮下町","34.318056","133.845642","0","0"
"37","香川県","37203","坂出市","372030052001","室町一丁目","34.314628","133.861835","0","3"
"37","香川県","37203","坂出市","372030052002","室町二丁目","34.316022","133.861250","0","3"
"37","香川県","37203","坂出市","372030052003","室町三丁目","34.317768","133.861365","0","3"
"37","香川県","37203","坂出市","372030053001","元町一丁目","34.313961","133.854949","0","3"
"37","香川県","37203","坂出市","372030053002","元町二丁目","34.316332","133.853923","0","3"
"37","香川県","37203","坂出市","372030053003","元町三丁目","34.317850","133.854206","0","3"
"37","香川県","37203","坂出市","372030053004","元町四丁目","34.316403","133.855501","0","3"
"37","香川県","37203","坂出市","372030054001","横津町一丁目","34.314723","133.867545","0","3"
"37","香川県","37203","坂出市","372030054002","横津町二丁目","34.316074","133.867884","0","3"
"37","香川県","37203","坂出市","372030054003","横津町三丁目","34.317696","133.868234","0","3"
"37","香川県","37203","坂出市","372030055000","与島町","34.389088","133.818944","0","0"
"37","香川県","37204","善通寺市","372040001000","生野町","34.219909","133.790498","0","0"
"37","香川県","37204","善通寺市","372040002001","生野本町一丁目","34.225967","133.789515","0","3"
"37","香川県","37204","善通寺市","372040002002","生野本町二丁目","34.224357","133.786058","0","3"
"37","香川県","37204","善通寺市","372040003000","稲木町","34.242701","133.780338","0","0"
"37","香川県","37204","善通寺市","372040004000","大麻町","34.202146","133.799380","0","0"
"37","香川県","37204","善通寺市","372040005000","上吉田町","34.233769","133.789671","0","0"
"37","香川県","37204","善通寺市","372040006001","上吉田町一丁目","34.230179","133.786670","0","3"
"37","香川県","37204","善通寺市","372040006002","上吉田町二丁目","34.229040","133.784285","0","3"
"37","香川県","37204","善通寺市","372040006003","上吉田町三丁目","34.227954","133.781945","0","3"
"37","香川県","37204","善通寺市","372040006004","上吉田町四丁目","34.229732","133.780429","0","3"
"37","香川県","37204","善通寺市","372040006005","上吉田町五丁目","34.230817","133.782816","0","3"
"37","香川県","37204","善通寺市","372040006006","上吉田町六丁目","34.232170","133.785796","0","3"
"37","香川県","37204","善通寺市","372040006007","上吉田町七丁目","34.234529","133.784384","0","3"
"37","香川県","37204","善通寺市","372040006008","上吉田町八丁目","34.232610","133.780331","0","3"
"37","香川県","37204","善通寺市","372040007000","木徳町","34.242002","133.802476","0","0"
"37","香川県","37204","善通寺市","372040008000","櫛梨町","34.218455","133.803405","0","0"
"37","香川県","37204","善通寺市","372040009000","金蔵寺町","34.248447","133.781442","0","0"
"37","香川県","37204","善通寺市","372040010000","下吉田町","34.240042","133.775330","0","0"
"37","香川県","37204","善通寺市","372040011000","善通寺町","34.212318","133.768321","0","0"
"37","香川県","37204","善通寺市","372040012001","善通寺町一丁目","34.226832","133.779529","0","3"
"37","香川県","37204","善通寺市","372040012002","善通寺町二丁目","34.226076","133.778088","0","3"
"37","香川県","37204","善通寺市","372040012003","善通寺町三丁目","34.225711","133.774710","0","3"
"37","香川県","37204","善通寺市","372040012004","善通寺町四丁目","34.226960","133.772848","0","3"
"37","香川県","37204","善通寺市","372040012005","善通寺町五丁目","34.227599","133.774618","0","3"
"37","香川県","37204","善通寺市","372040012006","善通寺町六丁目","34.227992","133.776742","0","3"
"37","香川県","37204","善通寺市","372040012007","善通寺町七丁目","34.228801","133.778335","0","3"
"37","香川県","37204","善通寺市","372040013001","仙遊町一丁目","34.230526","133.775451","0","3"
"37","香川県","37204","善通寺市","372040013002","仙遊町二丁目","34.229039","133.769953","0","3"
"37","香川県","37204","善通寺市","372040014000","中村町","34.241209","133.766533","0","0"
"37","香川県","37204","善通寺市","372040015001","中村町一丁目","34.231324","133.770084","0","3"
"37","香川県","37204","善通寺市","372040016000","原田町","34.249293","133.792007","0","0"
"37","香川県","37204","善通寺市","372040017000","碑殿町","34.224343","133.733931","0","0"
"37","香川県","37204","善通寺市","372040018000","弘田町","34.232403","133.761635","0","0"
"37","香川県","37204","善通寺市","372040019001","文京町一丁目","34.228916","133.788765","0","3"
"37","香川県","37204","善通寺市","372040019002","文京町二丁目","34.227410","133.786468","0","3"
"37","香川県","37204","善通寺市","372040019003","文京町三丁目","34.226002","133.783260","0","3"
"37","香川県","37204","善通寺市","372040019004","文京町四丁目","34.224277","133.780091","0","3"
"37","香川県","37204","善通寺市","372040020001","南町一丁目","34.221872","133.781601","0","3"
"37","香川県","37204","善通寺市","372040020002","南町二丁目","34.220966","133.777271","0","3"
"37","香川県","37204","善通寺市","372040020003","南町三丁目","34.223595","133.776236","0","3"
"37","香川県","37204","善通寺市","372040021000","与北町","34.234029","133.809839","0","0"
"37","香川県","37204","善通寺市","372040022000","吉原町","34.224775","133.748392","0","0"
"37","香川県","37205","観音寺市","372050001000","有明町","34.131870","133.642966","0","0"
"37","香川県","37205","観音寺市","372050002000","粟井町","34.075540","133.722845","0","0"
"37","香川県","37205","観音寺市","372050003000","池之尻町","34.113920","133.689660","0","0"
"37","香川県","37205","観音寺市","372050004000","伊吹町","34.130450","133.535408","0","0"
"37","香川県","37205","観音寺市","372050005000","植田町","34.124153","133.676704","0","0"
"37","香川県","37205","観音寺市","372050006000","大野原町青岡","34.095797","133.677603","0","0"
"37","香川県","37205","観音寺市","372050007000","大野原町有木","34.033976","133.708414","0","0"
"37","香川県","37205","観音寺市","372050008000","大野原町井関","34.057710","133.683740","0","0"
"37","香川県","37205","観音寺市","372050009000","大野原町内野々","34.054174","133.701051","0","0"
"37","香川県","37205","観音寺市","372050010000","大野原町海老済","34.031980","133.684579","0","0"
"37","香川県","37205","観音寺市","372050011000","大野原町大野原","34.083598","133.659651","0","0"
"37","香川県","37205","観音寺市","372050012000","大野原町田野々","34.040298","133.662348","0","0"
"37","香川県","37205","観音寺市","372050013000","大野原町中姫","34.090290","133.673500","0","0"
"37","香川県","37205","観音寺市","372050014000","大野原町萩原","34.070842","133.685822","0","0"
"37","香川県","37205","観音寺市","372050015000","大野原町花稲","34.094918","133.644986","0","0"
"37","香川県","37205","観音寺市","372050016000","大野原町福田原","34.074871","133.694292","0","0"
"37","香川県","37205","観音寺市","372050017000","大野原町丸井","34.073799","133.706198","0","0"
"37","香川県","37205","観音寺市","372050018000","観音寺町","34.128352","133.649947","0","0"
"37","香川県","37205","観音寺市","372050019000","木之郷町","34.103650","133.681442","0","0"
"37","香川県","37205","観音寺市","372050020000","柞田町","34.104938","133.654831","0","0"
"37","香川県","37205","観音寺市","372050021001","琴浪町一丁目","34.124344","133.639796","0","3"
"37","香川県","37205","観音寺市","372050021002","琴浪町二丁目","34.121908","133.640714","0","3"
"37","香川県","37205","観音寺市","372050022000","幸町","34.131396","133.655019","0","0"
"37","香川県","37205","観音寺市","372050023001","栄町一丁目","34.124791","133.656564","0","3"
"37","香川県","37205","観音寺市","372050023002","栄町二丁目","34.122956","133.649676","0","3"
"37","香川県","37205","観音寺市","372050023003","栄町三丁目","34.125070","133.656009","0","3"
"37","香川県","37205","観音寺市","372050024001","坂本町一丁目","34.128472","133.662450","0","3"
"37","香川県","37205","観音寺市","372050024002","坂本町二丁目","34.128179","133.665482","0","3"
"37","香川県","37205","観音寺市","372050024003","坂本町三丁目","34.126668","133.665255","0","3"
"37","香川県","37205","観音寺市","372050024004","坂本町四丁目","34.125632","133.666062","0","3"
"37","香川県","37205","観音寺市","372050024005","坂本町五丁目","34.122406","133.661538","0","3"
"37","香川県","37205","観音寺市","372050024006","坂本町六丁目","34.124473","133.659364","0","3"
"37","香川県","37205","観音寺市","372050024007","坂本町七丁目","34.127439","133.658463","0","3"
"37","香川県","37205","観音寺市","372050025001","三本松町一丁目","34.124260","133.643591","0","3"
"37","香川県","37205","観音寺市","372050025002","三本松町二丁目","34.121684","133.643559","0","3"
"37","香川県","37205","観音寺市","372050025003","三本松町三丁目","34.117492","133.643749","0","3"
"37","香川県","37205","観音寺市","372050025004","三本松町四丁目","34.117677","133.641307","0","3"
"37","香川県","37205","観音寺市","372050026001","茂木町一丁目","34.130540","133.667167","0","3"
"37","香川県","37205","観音寺市","372050026002","茂木町二丁目","34.131296","133.664301","0","3"
"37","香川県","37205","観音寺市","372050026003","茂木町三丁目","34.131904","133.661708","0","3"
"37","香川県","37205","観音寺市","372050026004","茂木町四丁目","34.132207","133.658468","0","3"
"37","香川県","37205","観音寺市","372050026005","茂木町五丁目","34.134494","133.662276","0","3"
"37","香川県","37205","観音寺市","372050027001","茂西町一丁目","34.132005","133.656241","0","3"
"37","香川県","37205","観音寺市","372050027002","茂西町二丁目","34.133293","133.655085","0","3"
"37","香川県","37205","観音寺市","372050028000","出作町","34.117447","133.676002","0","0"
"37","香川県","37205","観音寺市","372050029001","昭和町一丁目","34.122256","133.655319","0","3"
"37","香川県","37205","観音寺市","372050029002","昭和町二丁目","34.120584","133.657028","0","3"
"37","香川県","37205","観音寺市","372050029003","昭和町三丁目","34.121326","133.652097","0","3"
"37","香川県","37205","観音寺市","372050030000","新田町","34.109199","133.699903","0","0"
"37","香川県","37205","観音寺市","372050031001","瀬戸町一丁目","34.121269","133.637929","0","3"
"37","香川県","37205","観音寺市","372050031002","瀬戸町二丁目","34.120890","133.634677","0","3"
"37","香川県","37205","観音寺市","372050031003","瀬戸町三丁目","34.117023","133.639992","0","3"
"37","香川県","37205","観音寺市","372050031004","瀬戸町四丁目","34.116334","133.636321","0","3"
"37","香川県","37205","観音寺市","372050032000","高屋町","34.150074","133.660575","0","0"
"37","香川県","37205","観音寺市","372050033001","天神町一丁目","34.129285","133.659968","0","3"
"37","香川県","37205","観音寺市","372050033002","天神町二丁目","34.129707","133.658029","0","3"
"37","香川県","37205","観音寺市","372050033003","天神町三丁目","34.130320","133.656365","0","3"
"37","香川県","37205","観音寺市","372050034000","豊浜町姫浜","34.082918","133.640226","0","0"
"37","香川県","37205","観音寺市","372050035000","豊浜町箕浦","34.047857","133.631029","0","0"
"37","香川県","37205","観音寺市","372050036000","豊浜町和田","34.059646","133.654313","0","0"
"37","香川県","37205","観音寺市","372050037000","豊浜町和田浜","34.073198","133.638434","0","0"
"37","香川県","37205","観音寺市","372050038000","中田井町","34.123499","133.707389","0","0"
"37","香川県","37205","観音寺市","372050039000","流岡町","34.135102","133.676779","0","0"
"37","香川県","37205","観音寺市","372050040001","西本町一丁目","34.128278","133.644467","0","3"
"37","香川県","37205","観音寺市","372050040002","西本町二丁目","34.126471","133.644432","0","3"
"37","香川県","37205","観音寺市","372050041000","原町","34.111123","133.707088","0","0"
"37","香川県","37205","観音寺市","372050042000","古川町","34.126827","133.695349","0","0"
"37","香川県","37205","観音寺市","372050043001","港町一丁目","34.127246","133.639914","0","3"
"37","香川県","37205","観音寺市","372050043002","港町二丁目","34.126385","133.639742","0","3"
"37","香川県","37205","観音寺市","372050044001","南町一丁目","34.124258","133.647776","0","3"
"37","香川県","37205","観音寺市","372050044002","南町二丁目","34.120959","133.649351","0","3"
"37","香川県","37205","観音寺市","372050044003","南町三丁目","34.118558","133.648451","0","3"
"37","香川県","37205","観音寺市","372050044004","南町四丁目","34.118506","133.646371","0","3"
"37","香川県","37205","観音寺市","372050044005","南町五丁目","34.121917","133.647155","0","3"
"37","香川県","37205","観音寺市","372050045000","村黒町","34.131586","133.671520","0","0"
"37","香川県","37205","観音寺市","372050046000","室本町","34.150411","133.647111","0","0"
"37","香川県","37205","観音寺市","372050047000","本大町","34.131513","133.701277","0","0"
"37","香川県","37205","観音寺市","372050048001","八幡町一丁目","34.133047","133.649240","0","3"
"37","香川県","37205","観音寺市","372050048002","八幡町二丁目","34.137459","133.648026","0","3"
"37","香川県","37205","観音寺市","372050048003","八幡町三丁目","34.136856","133.654134","0","3"
"37","香川県","37205","観音寺市","372050049000","吉岡町","34.130727","133.688901","0","0"
"37","香川県","37206","さぬき市","372060001000","大川町田面","34.239052","134.259397","0","0"
"37","香川県","37206","さぬき市","372060002000","大川町富田中","34.264825","134.239120","0","0"
"37","香川県","37206","さぬき市","372060003000","大川町富田西","34.262042","134.225445","0","0"
"37","香川県","37206","さぬき市","372060004000","大川町富田東","34.265347","134.260856","0","0"
"37","香川県","37206","さぬき市","372060005000","大川町南川","34.234253","134.232213","0","0"
"37","香川県","37206","さぬき市","372060006000","小田","34.346388","134.250779","0","0"
"37","香川県","37206","さぬき市","372060007000","鴨部","34.311285","134.221889","0","0"
"37","香川県","37206","さぬき市","372060008000","鴨庄","34.343445","134.209987","0","0"
"37","香川県","37206","さぬき市","372060009000","寒川町石田西","34.248095","134.200905","0","0"
"37","香川県","37206","さぬき市","372060010000","寒川町石田東","34.236643","134.215596","0","0"
"37","香川県","37206","さぬき市","372060011000","寒川町神前","34.286467","134.216946","0","0"
"37","香川県","37206","さぬき市","372060012000","志度","34.315781","134.178627","0","0"
"37","香川県","37206","さぬき市","372060013000","昭和","34.291105","134.162601","0","0"
"37","香川県","37206","さぬき市","372060014000","末","34.305183","134.194706","0","0"
"37","香川県","37206","さぬき市","372060015000","造田乙井","34.288354","134.196873","0","0"
"37","香川県","37206","さぬき市","372060016000","造田是弘","34.286800","134.184907","0","0"
"37","香川県","37206","さぬき市","372060017000","造田野間田","34.277593","134.190583","0","0"
"37","香川県","37206","さぬき市","372060018000","造田宮西","34.291744","134.175189","0","0"
"37","香川県","37206","さぬき市","372060019000","多和","34.185501","134.188697","0","0"
"37","香川県","37206","さぬき市","372060020000","津田町津田","34.305970","134.240484","0","0"
"37","香川県","37206","さぬき市","372060021000","津田町鶴羽","34.276535","134.268450","0","0"
"37","香川県","37206","さぬき市","372060022000","長尾西","34.259239","134.172346","0","0"
"37","香川県","37206","さぬき市","372060023000","長尾東","34.252587","134.188389","0","0"
"37","香川県","37206","さぬき市","372060024000","長尾名","34.245078","134.182232","0","0"
"37","香川県","37206","さぬき市","372060025000","前山","34.217888","134.187181","0","0"
"37","香川県","37207","東かがわ市","372070001000","伊座","34.236596","134.379520","0","0"
"37","香川県","37207","東かがわ市","372070002000","馬篠","34.271004","134.296818","0","0"
"37","香川県","37207","東かがわ市","372070003000","馬宿","34.216970","134.413514","0","0"
"37","香川県","37207","東かがわ市","372070004000","小海","34.209476","134.371313","0","0"
"37","香川県","37207","東かがわ市","372070005000","大谷","34.260282","134.310003","0","0"
"37","香川県","37207","東かがわ市","372070006000","大内","34.245609","134.311282","0","0"
"37","香川県","37207","東かがわ市","372070007000","落合","34.250359","134.314953","0","0"
"37","香川県","37207","東かがわ市","372070008000","川東","34.236012","134.329231","0","0"
"37","香川県","37207","東かがわ市","372070009000","川股","34.178884","134.399824","0","0"
"37","香川県","37207","東かがわ市","372070010000","帰来","34.234630","134.364978","0","0"
"37","香川県","37207","東かがわ市","372070011000","黒羽","34.202673","134.409097","0","0"
"37","香川県","37207","東かがわ市","372070012000","小磯","34.266840","134.315186","0","0"
"37","香川県","37207","東かがわ市","372070013000","小砂","34.260727","134.288074","0","0"
"37","香川県","37207","東かがわ市","372070014000","五名","34.198156","134.238759","0","0"
"37","香川県","37207","東かがわ市","372070015000","坂元","34.199215","134.431937","0","0"
"37","香川県","37207","東かがわ市","372070016000","三本松","34.250373","134.338105","0","0"
"37","香川県","37207","東かがわ市","372070017000","白鳥","34.229348","134.346291","0","0"
"37","香川県","37207","東かがわ市","372070018000","土居","34.258345","134.298568","0","0"
"37","香川県","37207","東かがわ市","372070019000","中筋","34.244938","134.325315","0","0"
"37","香川県","37207","東かがわ市","372070020000","中山","34.254073","134.284487","0","0"
"37","香川県","37207","東かがわ市","372070021000","西村","34.251825","134.319949","0","0"
"37","香川県","37207","東かがわ市","372070022000","西山","34.198517","134.336569","0","0"
"37","香川県","37207","東かがわ市","372070023000","入野山","34.192178","134.284534","0","0"
"37","香川県","37207","東かがわ市","372070024000","東山","34.202293","134.349950","0","0"
"37","香川県","37207","東かがわ市","372070025000","引田","34.225585","134.395179","0","0"
"37","香川県","37207","東かがわ市","372070026000","町田","34.251876","134.301126","0","0"
"37","香川県","37207","東かがわ市","372070027000","松崎","34.245681","134.306767","0","0"
"37","香川県","37207","東かがわ市","372070028000","松原","34.249976","134.380513","0","0"
"37","香川県","37207","東かがわ市","372070029000","水主","34.227023","134.299340","0","0"
"37","香川県","37207","東かがわ市","372070030000","三殿","34.244863","134.290485","0","0"
"37","香川県","37207","東かがわ市","372070031000","湊","34.246688","134.350940","0","0"
"37","香川県","37207","東かがわ市","372070032000","南野","34.203943","134.419713","0","0"
"37","香川県","37207","東かがわ市","372070033000","横内","34.256373","134.328322","0","0"
"37","香川県","37207","東かがわ市","372070034000","吉田","34.209177","134.399468","0","0"
"37","香川県","37207","東かがわ市","372070035000","与田山","34.200106","134.321367","0","0"
"37","香川県","37208","三豊市","372080001000","財田町財田上","34.113704","133.795876","0","0"
"37","香川県","37208","三豊市","372080002000","財田町財田中","34.097090","133.770081","0","0"
"37","香川県","37208","三豊市","372080003000","高瀬町上麻","34.173121","133.784317","0","0"
"37","香川県","37208","三豊市","372080004000","高瀬町上勝間","34.177734","133.740503","0","0"
"37","香川県","37208","三豊市","372080005000","高瀬町上高瀬","34.196798","133.737543","0","0"
"37","香川県","37208","三豊市","372080006000","高瀬町佐股","34.160502","133.747299","0","0"
"37","香川県","37208","三豊市","372080007000","高瀬町下麻","34.184001","133.763898","0","0"
"37","香川県","37208","三豊市","372080008000","高瀬町下勝間","34.171186","133.717161","0","0"
"37","香川県","37208","三豊市","372080009000","高瀬町新名","34.191225","133.710460","0","0"
"37","香川県","37208","三豊市","372080010000","高瀬町羽方","34.142064","133.739769","0","0"
"37","香川県","37208","三豊市","372080011000","高瀬町比地","34.178552","133.681906","0","0"
"37","香川県","37208","三豊市","372080012000","高瀬町比地中","34.180785","133.702830","0","0"
"37","香川県","37208","三豊市","372080013000","詫間町粟島","34.271408","133.633023","0","0"
"37","香川県","37208","三豊市","372080014000","詫間町大浜","34.233791","133.617591","0","0"
"37","香川県","37208","三豊市","372080015000","詫間町香田","34.229997","133.636643","0","0"
"37","香川県","37208","三豊市","372080016000","詫間町志々島","34.270913","133.676907","0","0"
"37","香川県","37208","三豊市","372080017000","詫間町詫間","34.228581","133.656914","0","0"
"37","香川県","37208","三豊市","372080018000","詫間町積","34.246384","133.605493","0","0"
"37","香川県","37208","三豊市","372080019000","詫間町生里","34.252929","133.579595","0","0"
"37","香川県","37208","三豊市","372080020000","詫間町箱","34.254947","133.588734","0","0"
"37","香川県","37208","三豊市","372080021000","詫間町松崎","34.225192","133.695867","0","0"
"37","香川県","37208","三豊市","372080022000","豊中町岡本","34.149196","133.678290","0","0"
"37","香川県","37208","三豊市","372080023000","豊中町笠田笠岡","34.159990","133.711218","0","0"
"37","香川県","37208","三豊市","372080024000","豊中町笠田竹田","34.155434","133.697465","0","0"
"37","香川県","37208","三豊市","372080025000","豊中町上高野","34.141777","133.709395","0","0"
"37","香川県","37208","三豊市","372080026000","豊中町下高野","34.160566","133.679858","0","0"
"37","香川県","37208","三豊市","372080027000","豊中町比地大","34.167071","133.689038","0","0"
"37","香川県","37208","三豊市","372080028000","豊中町本山乙","34.133133","133.708579","0","0"
"37","香川県","37208","三豊市","372080029000","豊中町本山甲","34.144157","133.694786","0","0"
"37","香川県","37208","三豊市","372080030000","仁尾町家の浦","34.218077","133.626383","0","0"
"37","香川県","37208","三豊市","372080031000","仁尾町仁尾","34.191931","133.659521","0","0"
"37","香川県","37208","三豊市","372080032000","三野町大見","34.221462","133.716887","0","0"
"37","香川県","37208","三豊市","372080033000","三野町下高瀬","34.204675","133.703995","0","0"
"37","香川県","37208","三豊市","372080034000","三野町吉津","34.198152","133.684838","0","0"
"37","香川県","37208","三豊市","372080035000","山本町大野","34.129036","133.725741","0","0"
"37","香川県","37208","三豊市","372080036000","山本町神田","34.142854","133.777136","0","0"
"37","香川県","37208","三豊市","372080037000","山本町河内","34.082094","133.740061","0","0"
"37","香川県","37208","三豊市","372080038000","山本町財田西","34.116432","133.736534","0","0"
"37","香川県","37208","三豊市","372080039000","山本町辻","34.105781","133.719466","0","0"
"37","香川県","37322","小豆郡土庄町","373220001000","伊喜末","34.505828","134.172253","0","0"
"37","香川県","37322","小豆郡土庄町","373220002000","馬越","34.515314","134.209964","0","0"
"37","香川県","37322","小豆郡土庄町","373220003000","小江","34.521894","134.170878","0","0"
"37","香川県","37322","小豆郡土庄町","373220004000","大部","34.535880","134.277716","0","0"
"37","香川県","37322","小豆郡土庄町","373220005000","小海","34.525475","134.255221","0","0"
"37","香川県","37322","小豆郡土庄町","373220006000","笠滝","34.504504","134.207965","0","0"
"37","香川県","37322","小豆郡土庄町","373220007000","上庄","34.493788","134.202401","0","0"
"37","香川県","37322","小豆郡土庄町","373220008000","黒岩","34.502162","134.214144","0","0"
"37","香川県","37322","小豆郡土庄町","373220009000","小馬越","34.507936","134.213840","0","0"
"37","香川県","37322","小豆郡土庄町","373220010000","小部","34.543779","134.306594","0","0"
"37","香川県","37322","小豆郡土庄町","373220011000","滝宮","34.510484","134.199613","0","0"
"37","香川県","37322","小豆郡土庄町","373220012000","豊島家浦","34.485193","134.059545","0","0"
"37","香川県","37322","小豆郡土庄町","373220013000","豊島唐櫃","34.479767","134.092278","0","0"
"37","香川県","37322","小豆郡土庄町","373220014000","豊島甲生","34.468780","134.074336","0","0"
"37","香川県","37322","小豆郡土庄町","373220015000","土庄","34.476750","134.160292","0","0"
"37","香川県","37322","小豆郡土庄町","373220016000","長浜","34.509474","134.185104","0","0"
"37","香川県","37322","小豆郡土庄町","373220017000","肥土山","34.507467","134.226159","0","0"
"37","香川県","37322","小豆郡土庄町","373220018000","淵崎","34.493070","134.181540","0","0"
"37","香川県","37322","小豆郡土庄町","373220019000","見目","34.522140","134.233791","0","0"
"37","香川県","37322","小豆郡土庄町","373220020000","屋形崎","34.521765","134.217540","0","0"
"37","香川県","37324","小豆郡小豆島町","373240001000","当浜","34.522354","134.345634","0","0"
"37","香川県","37324","小豆郡小豆島町","373240002000","池田","34.486359","134.245407","0","0"
"37","香川県","37324","小豆郡小豆島町","373240003000","岩谷","34.505576","134.340575","0","0"
"37","香川県","37324","小豆郡小豆島町","373240004000","馬木","34.474696","134.329280","0","0"
"37","香川県","37324","小豆郡小豆島町","373240005000","片城","34.497787","134.310874","0","0"
"37","香川県","37324","小豆郡小豆島町","373240006000","蒲野","34.433350","134.245405","0","0"
"37","香川県","37324","小豆郡小豆島町","373240007000","蒲生","34.485952","134.211775","0","0"
"37","香川県","37324","小豆郡小豆島町","373240008000","神懸通","34.503201","134.295717","0","0"
"37","香川県","37324","小豆郡小豆島町","373240009000","木庄","34.494972","134.315970","0","0"
"37","香川県","37324","小豆郡小豆島町","373240010000","草壁本町","34.480256","134.301492","0","0"
"37","香川県","37324","小豆郡小豆島町","373240011000","神浦","34.428182","134.237439","0","0"
"37","香川県","37324","小豆郡小豆島町","373240012000","坂手","34.455393","134.333090","0","0"
"37","香川県","37324","小豆郡小豆島町","373240013000","橘","34.486097","134.338973","0","0"
"37","香川県","37324","小豆郡小豆島町","373240014000","田浦","34.452181","134.291544","0","0"
"37","香川県","37324","小豆郡小豆島町","373240015000","中山","34.508145","134.271093","0","0"
"37","香川県","37324","小豆郡小豆島町","373240016000","西村","34.479591","134.280705","0","0"
"37","香川県","37324","小豆郡小豆島町","373240017000","苗羽","34.465543","134.327960","0","0"
"37","香川県","37324","小豆郡小豆島町","373240018000","福田","34.537187","134.336384","0","0"
"37","香川県","37324","小豆郡小豆島町","373240019000","二面","34.460375","134.253403","0","0"
"37","香川県","37324","小豆郡小豆島町","373240020000","古江","34.460093","134.309952","0","0"
"37","香川県","37324","小豆郡小豆島町","373240021000","堀越","34.456764","134.297465","0","0"
"37","香川県","37324","小豆郡小豆島町","373240022000","室生","34.474826","134.250572","0","0"
"37","香川県","37324","小豆郡小豆島町","373240023000","安田","34.495744","134.325621","0","0"
"37","香川県","37324","小豆郡小豆島町","373240024000","吉田","34.555188","134.338763","0","0"
"37","香川県","37324","小豆郡小豆島町","373240025000","吉野","34.447303","134.241807","0","0"
"37","香川県","37341","木田郡三木町","373410001000","大字朝倉","34.223289","134.121371","0","0"
"37","香川県","37341","木田郡三木町","373410002000","大字池戸","34.293847","134.129028","0","0"
"37","香川県","37341","木田郡三木町","373410003000","大字井戸","34.260117","134.159631","0","0"
"37","香川県","37341","木田郡三木町","373410004000","大字井上","34.296480","134.147680","0","0"
"37","香川県","37341","木田郡三木町","373410005000","大字奥山","34.188260","134.147247","0","0"
"37","香川県","37341","木田郡三木町","373410006000","大字鹿庭","34.224863","134.150540","0","0"
"37","香川県","37341","木田郡三木町","373410007000","大字上高岡","34.245662","134.145333","0","0"
"37","香川県","37341","木田郡三木町","373410008000","大字小蓑","34.188116","134.119065","0","0"
"37","香川県","37341","木田郡三木町","373410009000","大字鹿伏","34.271465","134.139054","0","0"
"37","香川県","37341","木田郡三木町","373410010000","大字下高岡","34.271444","134.149559","0","0"
"37","香川県","37341","木田郡三木町","373410011000","大字田中","34.251787","134.116590","0","0"
"37","香川県","37341","木田郡三木町","373410012000","大字氷上","34.253755","134.131465","0","0"
"37","香川県","37341","木田郡三木町","373410013000","大字平木","34.275174","134.133675","0","0"
"37","香川県","37386","綾歌郡宇多津町","373860001000","大字東分","34.291983","133.834634","0","0"
"37","香川県","37386","綾歌郡宇多津町","373860002000","浜一番丁","34.312527","133.809319","0","0"
"37","香川県","37386","綾歌郡宇多津町","373860003000","浜二番丁","34.307522","133.809049","0","0"
"37","香川県","37386","綾歌郡宇多津町","373860004000","浜三番丁","34.314458","133.815676","0","0"
"37","香川県","37386","綾歌郡宇多津町","373860005000","浜四番丁","34.311853","133.815952","0","0"
"37","香川県","37386","綾歌郡宇多津町","373860006000","浜五番丁","34.305637","133.811694","0","0"
"37","香川県","37386","綾歌郡宇多津町","373860007000","浜六番丁","34.304849","133.815097","0","0"
"37","香川県","37386","綾歌郡宇多津町","373860008000","浜七番丁","34.311196","133.818541","0","0"
"37","香川県","37386","綾歌郡宇多津町","373860009000","浜八番丁","34.309809","133.820527","0","0"
"37","香川県","37386","綾歌郡宇多津町","373860010000","浜九番丁","34.312904","133.822912","0","0"
"37","香川県","37387","綾歌郡綾川町","373870001000","牛川","34.218657","133.937632","0","0"
"37","香川県","37387","綾歌郡綾川町","373870002000","小野","34.247462","133.903324","0","0"
"37","香川県","37387","綾歌郡綾川町","373870003000","萱原","34.248549","133.934096","0","0"
"37","香川県","37387","綾歌郡綾川町","373870004000","北","34.235701","133.927487","0","0"
"37","香川県","37387","綾歌郡綾川町","373870005000","陶","34.257203","133.949465","0","0"
"37","香川県","37387","綾歌郡綾川町","373870006000","千疋","34.227522","133.988477","0","0"
"37","香川県","37387","綾歌郡綾川町","373870007000","枌所西","34.187837","133.985386","0","0"
"37","香川県","37387","綾歌郡綾川町","373870008000","枌所東","34.174643","134.005355","0","0"
"37","香川県","37387","綾歌郡綾川町","373870009000","滝宮","34.252308","133.917915","0","0"
"37","香川県","37387","綾歌郡綾川町","373870010000","西分","34.187644","133.947092","0","0"
"37","香川県","37387","綾歌郡綾川町","373870011000","畑田","34.255319","133.979018","0","0"
"37","香川県","37387","綾歌郡綾川町","373870012000","羽床上","34.215092","133.920555","0","0"
"37","香川県","37387","綾歌郡綾川町","373870013000","羽床下","34.225233","133.906153","0","0"
"37","香川県","37387","綾歌郡綾川町","373870014000","東分","34.202869","133.966816","0","0"
"37","香川県","37387","綾歌郡綾川町","373870015000","山田上","34.218692","133.972268","0","0"
"37","香川県","37387","綾歌郡綾川町","373870016000","山田下","34.228488","133.950425","0","0"
"37","香川県","37403","仲多度郡琴平町","374030001000","榎井","34.194632","133.824902","0","0"
"37","香川県","37403","仲多度郡琴平町","374030002000","上櫛梨","34.210512","133.813981","0","0"
"37","香川県","37403","仲多度郡琴平町","374030003000","五條","34.182732","133.828257","0","0"
"37","香川県","37403","仲多度郡琴平町","374030004000","下櫛梨","34.217141","133.811011","0","0"
"37","香川県","37403","仲多度郡琴平町","374030005000","苗田","34.201577","133.821153","0","0"
"37","香川県","37404","仲多度郡多度津町","374040001000","大字青木","34.258192","133.747850","0","0"
"37","香川県","37404","仲多度郡多度津町","374040002000","大字奥白方","34.241345","133.729053","0","0"
"37","香川県","37404","仲多度郡多度津町","374040003000","大字葛原","34.257075","133.769868","0","0"
"37","香川県","37404","仲多度郡多度津町","374040004000","大字庄","34.258780","133.756706","0","0"
"37","香川県","37404","仲多度郡多度津町","374040005000","大字道福寺","34.265267","133.762479","0","0"
"37","香川県","37404","仲多度郡多度津町","374040006000","大字西白方","34.253860","133.729388","0","0"
"37","香川県","37404","仲多度郡多度津町","374040007000","大字東白方","34.263684","133.741128","0","0"
"37","香川県","37404","仲多度郡多度津町","374040008000","大字三井","34.250745","133.756975","0","0"
"37","香川県","37404","仲多度郡多度津町","374040009000","大字見立","34.243781","133.715949","0","0"
"37","香川県","37404","仲多度郡多度津町","374040010000","大字南鴨","34.269270","133.768362","0","0"
"37","香川県","37404","仲多度郡多度津町","374040011000","大字山階","34.247681","133.745627","0","0"
"37","香川県","37404","仲多度郡多度津町","374040012000","大通り","34.273717","133.749503","0","0"
"37","香川県","37404","仲多度郡多度津町","374040013000","家中","34.275327","133.753770","0","0"
"37","香川県","37404","仲多度郡多度津町","374040014001","北鴨一丁目","34.275428","133.763258","0","3"
"37","香川県","37404","仲多度郡多度津町","374040014002","北鴨二丁目","34.276264","133.767762","0","3"
"37","香川県","37404","仲多度郡多度津町","374040014003","北鴨三丁目","34.278127","133.763031","0","3"
"37","香川県","37404","仲多度郡多度津町","374040015000","京町","34.267307","133.753071","0","0"
"37","香川県","37404","仲多度郡多度津町","374040016000","寿町","34.269350","133.758513","0","0"
"37","香川県","37404","仲多度郡多度津町","374040017000","幸町","34.273489","133.760197","0","0"
"37","香川県","37404","仲多度郡多度津町","374040018001","栄町一丁目","34.273142","133.754518","0","3"
"37","香川県","37404","仲多度郡多度津町","374040018002","栄町二丁目","34.273209","133.756896","0","3"
"37","香川県","37404","仲多度郡多度津町","374040018003","栄町三丁目","34.271382","133.754528","0","3"
"37","香川県","37404","仲多度郡多度津町","374040019001","桜川一丁目","34.265377","133.756181","0","3"
"37","香川県","37404","仲多度郡多度津町","374040019002","桜川二丁目","34.266879","133.757702","0","3"
"37","香川県","37404","仲多度郡多度津町","374040020000","佐柳","34.342988","133.624800","0","0"
"37","香川県","37404","仲多度郡多度津町","374040021000","高見","34.315625","133.673180","0","0"
"37","香川県","37404","仲多度郡多度津町","374040022000","仲ノ町","34.271984","133.751382","0","0"
"37","香川県","37404","仲多度郡多度津町","374040023000","西浜","34.271294","133.744932","0","0"
"37","香川県","37404","仲多度郡多度津町","374040024000","西港町","34.272405","133.736230","0","0"
"37","香川県","37404","仲多度郡多度津町","374040025000","東新町","34.278233","133.753116","0","0"
"37","香川県","37404","仲多度郡多度津町","374040026000","東浜","34.273316","133.745985","0","0"
"37","香川県","37404","仲多度郡多度津町","374040027000","東港町","34.279576","133.746573","0","0"
"37","香川県","37404","仲多度郡多度津町","374040028000","日の出町","34.276628","133.751287","0","0"
"37","香川県","37404","仲多度郡多度津町","374040029001","堀江一丁目","34.276201","133.757597","0","3"
"37","香川県","37404","仲多度郡多度津町","374040029002","堀江二丁目","34.278250","133.755227","0","3"
"37","香川県","37404","仲多度郡多度津町","374040029003","堀江三丁目","34.278629","133.758729","0","3"
"37","香川県","37404","仲多度郡多度津町","374040029004","堀江四丁目","34.281285","133.762942","0","3"
"37","香川県","37404","仲多度郡多度津町","374040029005","堀江五丁目","34.283591","133.760954","0","3"
"37","香川県","37404","仲多度郡多度津町","374040030001","本通一丁目","34.269368","133.749388","0","3"
"37","香川県","37404","仲多度郡多度津町","374040030002","本通二丁目","34.265558","133.751805","0","3"
"37","香川県","37404","仲多度郡多度津町","374040030003","本通三丁目","34.265716","133.748713","0","3"
"37","香川県","37404","仲多度郡多度津町","374040031000","元町","34.270116","133.751806","0","0"
"37","香川県","37404","仲多度郡多度津町","374040032000","桃山","34.267291","133.746405","0","0"
"37","香川県","37404","仲多度郡多度津町","374040033000","若葉町","34.272471","133.764763","0","0"
"37","香川県","37406","仲多度郡まんのう町","374060001000","生間","34.162006","133.835161","0","0"
"37","香川県","37406","仲多度郡まんのう町","374060002000","後山","34.147931","133.839344","0","0"
"37","香川県","37406","仲多度郡まんのう町","374060003000","追上","34.146700","133.819155","0","0"
"37","香川県","37406","仲多度郡まんのう町","374060004000","大口","34.143508","133.830181","0","0"
"37","香川県","37406","仲多度郡まんのう町","374060005000","買田","34.174247","133.827027","0","0"
"37","香川県","37406","仲多度郡まんのう町","374060006000","勝浦","34.097457","133.973180","0","0"
"37","香川県","37406","仲多度郡まんのう町","374060007000","川東","34.126630","134.003942","0","0"
"37","香川県","37406","仲多度郡まんのう町","374060008000","神野","34.161251","133.874190","0","0"
"37","香川県","37406","仲多度郡まんのう町","374060009000","岸上","34.171697","133.842634","0","0"
"37","香川県","37406","仲多度郡まんのう町","374060010000","公文","34.216588","133.821387","0","0"
"37","香川県","37406","仲多度郡まんのう町","374060011000","五條","34.184000","133.835240","0","0"
"37","香川県","37406","仲多度郡まんのう町","374060012000","佐文","34.167392","133.807989","0","0"
"37","香川県","37406","仲多度郡まんのう町","374060013000","塩入","34.120028","133.893501","0","0"
"37","香川県","37406","仲多度郡まんのう町","374060014000","四條","34.193665","133.835494","0","0"
"37","香川県","37406","仲多度郡まんのう町","374060015000","七箇","34.137512","133.854671","0","0"
"37","香川県","37406","仲多度郡まんのう町","374060016000","新目","34.128623","133.832811","0","0"
"37","香川県","37406","仲多度郡まんのう町","374060017000","炭所西","34.161002","133.900998","0","0"
"37","香川県","37406","仲多度郡まんのう町","374060018000","炭所東","34.188720","133.912975","0","0"
"37","香川県","37406","仲多度郡まんのう町","374060019000","造田","34.147321","133.928708","0","0"
"37","香川県","37406","仲多度郡まんのう町","374060020000","長尾","34.194380","133.868558","0","0"
"37","香川県","37406","仲多度郡まんのう町","374060021000","中通","34.136022","133.948096","0","0"
"37","香川県","37406","仲多度郡まんのう町","374060022000","西高篠","34.208953","133.824309","0","0"
"37","香川県","37406","仲多度郡まんのう町","374060023000","羽間","34.207978","133.844197","0","0"
"37","香川県","37406","仲多度郡まんのう町","374060024000","東高篠","34.211677","133.832710","0","0"
"37","香川県","37406","仲多度郡まんのう町","374060025000","帆山","34.154713","133.845665","0","0"
"37","香川県","37406","仲多度郡まんのう町","374060026000","真野","34.173648","133.857020","0","0"
"37","香川県","37406","仲多度郡まんのう町","374060027000","宮田","34.165399","133.821276","0","0"
"37","香川県","37406","仲多度郡まんのう町","374060028000","山脇","34.107145","133.832785","0","0"
"37","香川県","37406","仲多度郡まんのう町","374060029000","吉野","34.164800","133.882348","0","0"
"37","香川県","37406","仲多度郡まんのう町","374060030000","吉野下","34.192267","133.845416","0","0"
